ds,yhat,district
2022-01-01,4.0014844709163855,광진구
2022-01-02,4.202104489809826,광진구
2022-01-03,4.23269004297292,광진구
2022-01-04,4.212753210917547,광진구
2022-01-05,4.197766244462591,광진구
2022-01-06,4.193944886264029,광진구
2022-01-07,4.194687983439783,광진구
2022-01-08,4.195711586465992,광진구
2022-01-09,4.196079857409593,광진구
2022-01-10,4.196081204494669,광진구
2022-01-11,4.19601799327501,광진구
2022-01-12,4.195987059536693,광진구
2022-01-13,4.195982997860252,광진구
2022-01-14,4.195986389726446,광진구
2022-01-15,4.1959887414470565,광진구
2022-01-16,4.195989295402949,광진구
2022-01-17,4.195989156610767,광진구
2022-01-18,4.195988993135926,광진구
2022-01-19,4.195988937809545,광진구
2022-01-20,4.195988939288661,광진구
2022-01-21,4.195988949601719,광진구
2022-01-22,4.195988954354009,광진구
2022-01-23,4.195988954873591,광진구
2022-01-24,4.195988954301797,광진구
2022-01-25,4.195988953933986,광진구
2022-01-26,4.195988953854509,광진구
2022-01-27,4.195988953879695,광진구
2022-01-28,4.19598895390571,광진구
2022-01-29,4.195988953913977,광진구
2022-01-30,4.1959889539134805,광진구
2022-01-31,4.195988953911805,광진구
2022-02-01,4.195988953911078,광진구
2022-02-02,4.195988953911015,광진구
2022-02-03,4.195988953911111,광진구
2022-02-04,4.1959889539111686,광진구
2022-02-05,4.19598895391118,광진구
2022-02-06,4.195988953911176,광진구
2022-02-07,4.195988953911171,광진구
2022-02-08,4.19598895391117,광진구
2022-02-09,4.19598895391117,광진구
2022-02-10,4.19598895391117,광진구
2022-02-11,4.19598895391117,광진구
2022-02-12,4.19598895391117,광진구
2022-02-13,4.19598895391117,광진구
2022-02-14,4.19598895391117,광진구
2022-02-15,4.19598895391117,광진구
2022-02-16,4.19598895391117,광진구
2022-02-17,4.19598895391117,광진구
2022-02-18,4.19598895391117,광진구
2022-02-19,4.19598895391117,광진구
2022-02-20,4.19598895391117,광진구
2022-02-21,4.19598895391117,광진구
2022-02-22,4.19598895391117,광진구
2022-02-23,4.19598895391117,광진구
2022-02-24,4.19598895391117,광진구
2022-02-25,4.19598895391117,광진구
2022-02-26,4.19598895391117,광진구
2022-02-27,4.19598895391117,광진구
2022-02-28,4.19598895391117,광진구
2022-03-01,4.19598895391117,광진구
2022-03-02,4.19598895391117,광진구
2022-03-03,4.19598895391117,광진구
2022-03-04,4.19598895391117,광진구
2022-03-05,4.19598895391117,광진구
2022-03-06,4.19598895391117,광진구
2022-03-07,4.19598895391117,광진구
2022-03-08,4.19598895391117,광진구
2022-03-09,4.19598895391117,광진구
2022-03-10,4.19598895391117,광진구
2022-03-11,4.19598895391117,광진구
2022-03-12,4.19598895391117,광진구
2022-03-13,4.19598895391117,광진구
2022-03-14,4.19598895391117,광진구
2022-03-15,4.19598895391117,광진구
2022-03-16,4.19598895391117,광진구
2022-03-17,4.19598895391117,광진구
2022-03-18,4.19598895391117,광진구
2022-03-19,4.19598895391117,광진구
2022-03-20,4.19598895391117,광진구
2022-03-21,4.19598895391117,광진구
2022-03-22,4.19598895391117,광진구
2022-03-23,4.19598895391117,광진구
2022-03-24,4.19598895391117,광진구
2022-03-25,4.19598895391117,광진구
2022-03-26,4.19598895391117,광진구
2022-03-27,4.19598895391117,광진구
2022-03-28,4.19598895391117,광진구
2022-03-29,4.19598895391117,광진구
2022-03-30,4.19598895391117,광진구
2022-03-31,4.19598895391117,광진구
2022-04-01,4.19598895391117,광진구
2022-04-02,4.19598895391117,광진구
2022-04-03,4.19598895391117,광진구
2022-04-04,4.19598895391117,광진구
2022-04-05,4.19598895391117,광진구
2022-04-06,4.19598895391117,광진구
2022-04-07,4.19598895391117,광진구
2022-04-08,4.19598895391117,광진구
2022-04-09,4.19598895391117,광진구
2022-04-10,4.19598895391117,광진구
2022-04-11,4.19598895391117,광진구
2022-04-12,4.19598895391117,광진구
2022-04-13,4.19598895391117,광진구
2022-04-14,4.19598895391117,광진구
2022-04-15,4.19598895391117,광진구
2022-04-16,4.19598895391117,광진구
2022-04-17,4.19598895391117,광진구
2022-04-18,4.19598895391117,광진구
2022-04-19,4.19598895391117,광진구
2022-04-20,4.19598895391117,광진구
2022-04-21,4.19598895391117,광진구
2022-04-22,4.19598895391117,광진구
2022-04-23,4.19598895391117,광진구
2022-04-24,4.19598895391117,광진구
2022-04-25,4.19598895391117,광진구
2022-04-26,4.19598895391117,광진구
2022-04-27,4.19598895391117,광진구
2022-04-28,4.19598895391117,광진구
2022-04-29,4.19598895391117,광진구
2022-04-30,4.19598895391117,광진구
2022-05-01,4.19598895391117,광진구
2022-05-02,4.19598895391117,광진구
2022-05-03,4.19598895391117,광진구
2022-05-04,4.19598895391117,광진구
2022-05-05,4.19598895391117,광진구
2022-05-06,4.19598895391117,광진구
2022-05-07,4.19598895391117,광진구
2022-05-08,4.19598895391117,광진구
2022-05-09,4.19598895391117,광진구
2022-05-10,4.19598895391117,광진구
2022-05-11,4.19598895391117,광진구
2022-05-12,4.19598895391117,광진구
2022-05-13,4.19598895391117,광진구
2022-05-14,4.19598895391117,광진구
2022-05-15,4.19598895391117,광진구
2022-05-16,4.19598895391117,광진구
2022-05-17,4.19598895391117,광진구
2022-05-18,4.19598895391117,광진구
2022-05-19,4.19598895391117,광진구
2022-05-20,4.19598895391117,광진구
2022-05-21,4.19598895391117,광진구
2022-05-22,4.19598895391117,광진구
2022-05-23,4.19598895391117,광진구
2022-05-24,4.19598895391117,광진구
2022-05-25,4.19598895391117,광진구
2022-05-26,4.19598895391117,광진구
2022-05-27,4.19598895391117,광진구
2022-05-28,4.19598895391117,광진구
2022-05-29,4.19598895391117,광진구
2022-05-30,4.19598895391117,광진구
2022-05-31,4.19598895391117,광진구
2022-06-01,4.19598895391117,광진구
2022-06-02,4.19598895391117,광진구
2022-06-03,4.19598895391117,광진구
2022-06-04,4.19598895391117,광진구
2022-06-05,4.19598895391117,광진구
2022-06-06,4.19598895391117,광진구
2022-06-07,4.19598895391117,광진구
2022-06-08,4.19598895391117,광진구
2022-06-09,4.19598895391117,광진구
2022-06-10,4.19598895391117,광진구
2022-06-11,4.19598895391117,광진구
2022-06-12,4.19598895391117,광진구
2022-06-13,4.19598895391117,광진구
2022-06-14,4.19598895391117,광진구
2022-06-15,4.19598895391117,광진구
2022-06-16,4.19598895391117,광진구
2022-06-17,4.19598895391117,광진구
2022-06-18,4.19598895391117,광진구
2022-06-19,4.19598895391117,광진구
2022-06-20,4.19598895391117,광진구
2022-06-21,4.19598895391117,광진구
2022-06-22,4.19598895391117,광진구
2022-06-23,4.19598895391117,광진구
2022-06-24,4.19598895391117,광진구
2022-06-25,4.19598895391117,광진구
2022-06-26,4.19598895391117,광진구
2022-06-27,4.19598895391117,광진구
2022-06-28,4.19598895391117,광진구
2022-06-29,4.19598895391117,광진구
2022-06-30,4.19598895391117,광진구
2022-07-01,4.19598895391117,광진구
2022-07-02,4.19598895391117,광진구
2022-07-03,4.19598895391117,광진구
2022-07-04,4.19598895391117,광진구
2022-07-05,4.19598895391117,광진구
2022-07-06,4.19598895391117,광진구
2022-07-07,4.19598895391117,광진구
2022-07-08,4.19598895391117,광진구
2022-07-09,4.19598895391117,광진구
2022-07-10,4.19598895391117,광진구
2022-07-11,4.19598895391117,광진구
2022-07-12,4.19598895391117,광진구
2022-07-13,4.19598895391117,광진구
2022-07-14,4.19598895391117,광진구
2022-07-15,4.19598895391117,광진구
2022-07-16,4.19598895391117,광진구
2022-07-17,4.19598895391117,광진구
2022-07-18,4.19598895391117,광진구
2022-07-19,4.19598895391117,광진구
2022-07-20,4.19598895391117,광진구
2022-07-21,4.19598895391117,광진구
2022-07-22,4.19598895391117,광진구
2022-07-23,4.19598895391117,광진구
2022-07-24,4.19598895391117,광진구
2022-07-25,4.19598895391117,광진구
2022-07-26,4.19598895391117,광진구
2022-07-27,4.19598895391117,광진구
2022-07-28,4.19598895391117,광진구
2022-07-29,4.19598895391117,광진구
2022-07-30,4.19598895391117,광진구
2022-07-31,4.19598895391117,광진구
2022-08-01,4.19598895391117,광진구
2022-08-02,4.19598895391117,광진구
2022-08-03,4.19598895391117,광진구
2022-08-04,4.19598895391117,광진구
2022-08-05,4.19598895391117,광진구
2022-08-06,4.19598895391117,광진구
2022-08-07,4.19598895391117,광진구
2022-08-08,4.19598895391117,광진구
2022-08-09,4.19598895391117,광진구
2022-08-10,4.19598895391117,광진구
2022-08-11,4.19598895391117,광진구
2022-08-12,4.19598895391117,광진구
2022-08-13,4.19598895391117,광진구
2022-08-14,4.19598895391117,광진구
2022-08-15,4.19598895391117,광진구
2022-08-16,4.19598895391117,광진구
2022-08-17,4.19598895391117,광진구
2022-08-18,4.19598895391117,광진구
2022-08-19,4.19598895391117,광진구
2022-08-20,4.19598895391117,광진구
2022-08-21,4.19598895391117,광진구
2022-08-22,4.19598895391117,광진구
2022-08-23,4.19598895391117,광진구
2022-08-24,4.19598895391117,광진구
2022-08-25,4.19598895391117,광진구
2022-08-26,4.19598895391117,광진구
2022-08-27,4.19598895391117,광진구
2022-08-28,4.19598895391117,광진구
2022-08-29,4.19598895391117,광진구
2022-08-30,4.19598895391117,광진구
2022-08-31,4.19598895391117,광진구
2022-09-01,4.19598895391117,광진구
2022-09-02,4.19598895391117,광진구
2022-09-03,4.19598895391117,광진구
2022-09-04,4.19598895391117,광진구
2022-09-05,4.19598895391117,광진구
2022-09-06,4.19598895391117,광진구
2022-09-07,4.19598895391117,광진구
2022-09-08,4.19598895391117,광진구
2022-09-09,4.19598895391117,광진구
2022-09-10,4.19598895391117,광진구
2022-09-11,4.19598895391117,광진구
2022-09-12,4.19598895391117,광진구
2022-09-13,4.19598895391117,광진구
2022-09-14,4.19598895391117,광진구
2022-09-15,4.19598895391117,광진구
2022-09-16,4.19598895391117,광진구
2022-09-17,4.19598895391117,광진구
2022-09-18,4.19598895391117,광진구
2022-09-19,4.19598895391117,광진구
2022-09-20,4.19598895391117,광진구
2022-09-21,4.19598895391117,광진구
2022-09-22,4.19598895391117,광진구
2022-09-23,4.19598895391117,광진구
2022-09-24,4.19598895391117,광진구
2022-09-25,4.19598895391117,광진구
2022-09-26,4.19598895391117,광진구
2022-09-27,4.19598895391117,광진구
2022-09-28,4.19598895391117,광진구
2022-09-29,4.19598895391117,광진구
2022-09-30,4.19598895391117,광진구
2022-10-01,4.19598895391117,광진구
2022-10-02,4.19598895391117,광진구
2022-10-03,4.19598895391117,광진구
2022-10-04,4.19598895391117,광진구
2022-10-05,4.19598895391117,광진구
2022-10-06,4.19598895391117,광진구
2022-10-07,4.19598895391117,광진구
2022-10-08,4.19598895391117,광진구
2022-10-09,4.19598895391117,광진구
2022-10-10,4.19598895391117,광진구
2022-10-11,4.19598895391117,광진구
2022-10-12,4.19598895391117,광진구
2022-10-13,4.19598895391117,광진구
2022-10-14,4.19598895391117,광진구
2022-10-15,4.19598895391117,광진구
2022-10-16,4.19598895391117,광진구
2022-10-17,4.19598895391117,광진구
2022-10-18,4.19598895391117,광진구
2022-10-19,4.19598895391117,광진구
2022-10-20,4.19598895391117,광진구
2022-10-21,4.19598895391117,광진구
2022-10-22,4.19598895391117,광진구
2022-10-23,4.19598895391117,광진구
2022-10-24,4.19598895391117,광진구
2022-10-25,4.19598895391117,광진구
2022-10-26,4.19598895391117,광진구
2022-10-27,4.19598895391117,광진구
2022-10-28,4.19598895391117,광진구
2022-10-29,4.19598895391117,광진구
2022-10-30,4.19598895391117,광진구
2022-10-31,4.19598895391117,광진구
2022-11-01,4.19598895391117,광진구
2022-11-02,4.19598895391117,광진구
2022-11-03,4.19598895391117,광진구
2022-11-04,4.19598895391117,광진구
2022-11-05,4.19598895391117,광진구
2022-11-06,4.19598895391117,광진구
2022-11-07,4.19598895391117,광진구
2022-11-08,4.19598895391117,광진구
2022-11-09,4.19598895391117,광진구
2022-11-10,4.19598895391117,광진구
2022-11-11,4.19598895391117,광진구
2022-11-12,4.19598895391117,광진구
2022-11-13,4.19598895391117,광진구
2022-11-14,4.19598895391117,광진구
2022-11-15,4.19598895391117,광진구
2022-11-16,4.19598895391117,광진구
2022-11-17,4.19598895391117,광진구
2022-11-18,4.19598895391117,광진구
2022-11-19,4.19598895391117,광진구
2022-11-20,4.19598895391117,광진구
2022-11-21,4.19598895391117,광진구
2022-11-22,4.19598895391117,광진구
2022-11-23,4.19598895391117,광진구
2022-11-24,4.19598895391117,광진구
2022-11-25,4.19598895391117,광진구
2022-11-26,4.19598895391117,광진구
2022-11-27,4.19598895391117,광진구
2022-11-28,4.19598895391117,광진구
2022-11-29,4.19598895391117,광진구
2022-11-30,4.19598895391117,광진구
2022-12-01,4.19598895391117,광진구
2022-12-02,4.19598895391117,광진구
2022-12-03,4.19598895391117,광진구
2022-12-04,4.19598895391117,광진구
2022-12-05,4.19598895391117,광진구
2022-12-06,4.19598895391117,광진구
2022-12-07,4.19598895391117,광진구
2022-12-08,4.19598895391117,광진구
2022-12-09,4.19598895391117,광진구
2022-12-10,4.19598895391117,광진구
2022-12-11,4.19598895391117,광진구
2022-12-12,4.19598895391117,광진구
2022-12-13,4.19598895391117,광진구
2022-12-14,4.19598895391117,광진구
2022-12-15,4.19598895391117,광진구
2022-12-16,4.19598895391117,광진구
2022-12-17,4.19598895391117,광진구
2022-12-18,4.19598895391117,광진구
2022-12-19,4.19598895391117,광진구
2022-12-20,4.19598895391117,광진구
2022-12-21,4.19598895391117,광진구
2022-12-22,4.19598895391117,광진구
2022-12-23,4.19598895391117,광진구
2022-12-24,4.19598895391117,광진구
2022-12-25,4.19598895391117,광진구
2022-12-26,4.19598895391117,광진구
2022-12-27,4.19598895391117,광진구
2022-12-28,4.19598895391117,광진구
2022-12-29,4.19598895391117,광진구
2022-12-30,4.19598895391117,광진구
2022-12-31,4.19598895391117,광진구
2022-01-01,3.093109921708171,성동구
2022-01-02,3.322874469123023,성동구
2022-01-03,3.341926617180258,성동구
2022-01-04,3.306487364291261,성동구
2022-01-05,3.285669028104176,성동구
2022-01-06,3.2824995831831125,성동구
2022-01-07,3.2850135995958993,성동구
2022-01-08,3.286843629796486,성동구
2022-01-09,3.2872390586844715,성동구
2022-01-10,3.287074487069784,성동구
2022-01-11,3.2869181729570824,성동구
2022-01-12,3.2868746501548882,성동구
2022-01-13,3.286883999658374,성동구
2022-01-14,3.286896971429123,성동구
2022-01-15,3.2869014200931392,성동구
2022-01-16,3.286901048439028,성동구
2022-01-17,3.2869000045998464,성동구
2022-01-18,3.2868995726488093,성동구
2022-01-19,3.286899566830896,성동구
2022-01-20,3.2868996479451162,성동구
2022-01-21,3.2868996882525456,성동구
2022-01-22,3.2868996919607225,성동구
2022-01-23,3.286899685920351,성동구
2022-01-24,3.2868996822824688,성동구
2022-01-25,3.286899681699011,성동구
2022-01-26,3.286899682124017,성동구
2022-01-27,3.2868996824426495,성동구
2022-01-28,3.28689968251397,성동구
2022-01-29,3.286899682486509,성동구
2022-01-30,3.286899682459389,성동구
2022-01-31,3.286899682451626,성동구
2022-02-01,3.2868996824531456,성동구
2022-02-02,3.2868996824553878,성동구
2022-02-03,3.2868996824561756,성동구
2022-02-04,3.2868996824561205,성동구
2022-02-05,3.2868996824559407,성동구
2022-02-06,3.2868996824558647,성동구
2022-02-07,3.286899682455863,성동구
2022-02-08,3.2868996824558767,성동구
2022-02-09,3.286899682455884,성동구
2022-02-10,3.2868996824558847,성동구
2022-02-11,3.286899682455884,성동구
2022-02-12,3.2868996824558834,성동구
2022-02-13,3.2868996824558834,성동구
2022-02-14,3.2868996824558834,성동구
2022-02-15,3.2868996824558834,성동구
2022-02-16,3.2868996824558834,성동구
2022-02-17,3.2868996824558834,성동구
2022-02-18,3.2868996824558834,성동구
2022-02-19,3.2868996824558834,성동구
2022-02-20,3.2868996824558834,성동구
2022-02-21,3.2868996824558834,성동구
2022-02-22,3.2868996824558834,성동구
2022-02-23,3.2868996824558834,성동구
2022-02-24,3.2868996824558834,성동구
2022-02-25,3.2868996824558834,성동구
2022-02-26,3.2868996824558834,성동구
2022-02-27,3.2868996824558834,성동구
2022-02-28,3.2868996824558834,성동구
2022-03-01,3.2868996824558834,성동구
2022-03-02,3.2868996824558834,성동구
2022-03-03,3.2868996824558834,성동구
2022-03-04,3.2868996824558834,성동구
2022-03-05,3.2868996824558834,성동구
2022-03-06,3.2868996824558834,성동구
2022-03-07,3.2868996824558834,성동구
2022-03-08,3.2868996824558834,성동구
2022-03-09,3.2868996824558834,성동구
2022-03-10,3.2868996824558834,성동구
2022-03-11,3.2868996824558834,성동구
2022-03-12,3.2868996824558834,성동구
2022-03-13,3.2868996824558834,성동구
2022-03-14,3.2868996824558834,성동구
2022-03-15,3.2868996824558834,성동구
2022-03-16,3.2868996824558834,성동구
2022-03-17,3.2868996824558834,성동구
2022-03-18,3.2868996824558834,성동구
2022-03-19,3.2868996824558834,성동구
2022-03-20,3.2868996824558834,성동구
2022-03-21,3.2868996824558834,성동구
2022-03-22,3.2868996824558834,성동구
2022-03-23,3.2868996824558834,성동구
2022-03-24,3.2868996824558834,성동구
2022-03-25,3.2868996824558834,성동구
2022-03-26,3.2868996824558834,성동구
2022-03-27,3.2868996824558834,성동구
2022-03-28,3.2868996824558834,성동구
2022-03-29,3.2868996824558834,성동구
2022-03-30,3.2868996824558834,성동구
2022-03-31,3.2868996824558834,성동구
2022-04-01,3.2868996824558834,성동구
2022-04-02,3.2868996824558834,성동구
2022-04-03,3.2868996824558834,성동구
2022-04-04,3.2868996824558834,성동구
2022-04-05,3.2868996824558834,성동구
2022-04-06,3.2868996824558834,성동구
2022-04-07,3.2868996824558834,성동구
2022-04-08,3.2868996824558834,성동구
2022-04-09,3.2868996824558834,성동구
2022-04-10,3.2868996824558834,성동구
2022-04-11,3.2868996824558834,성동구
2022-04-12,3.2868996824558834,성동구
2022-04-13,3.2868996824558834,성동구
2022-04-14,3.2868996824558834,성동구
2022-04-15,3.2868996824558834,성동구
2022-04-16,3.2868996824558834,성동구
2022-04-17,3.2868996824558834,성동구
2022-04-18,3.2868996824558834,성동구
2022-04-19,3.2868996824558834,성동구
2022-04-20,3.2868996824558834,성동구
2022-04-21,3.2868996824558834,성동구
2022-04-22,3.2868996824558834,성동구
2022-04-23,3.2868996824558834,성동구
2022-04-24,3.2868996824558834,성동구
2022-04-25,3.2868996824558834,성동구
2022-04-26,3.2868996824558834,성동구
2022-04-27,3.2868996824558834,성동구
2022-04-28,3.2868996824558834,성동구
2022-04-29,3.2868996824558834,성동구
2022-04-30,3.2868996824558834,성동구
2022-05-01,3.2868996824558834,성동구
2022-05-02,3.2868996824558834,성동구
2022-05-03,3.2868996824558834,성동구
2022-05-04,3.2868996824558834,성동구
2022-05-05,3.2868996824558834,성동구
2022-05-06,3.2868996824558834,성동구
2022-05-07,3.2868996824558834,성동구
2022-05-08,3.2868996824558834,성동구
2022-05-09,3.2868996824558834,성동구
2022-05-10,3.2868996824558834,성동구
2022-05-11,3.2868996824558834,성동구
2022-05-12,3.2868996824558834,성동구
2022-05-13,3.2868996824558834,성동구
2022-05-14,3.2868996824558834,성동구
2022-05-15,3.2868996824558834,성동구
2022-05-16,3.2868996824558834,성동구
2022-05-17,3.2868996824558834,성동구
2022-05-18,3.2868996824558834,성동구
2022-05-19,3.2868996824558834,성동구
2022-05-20,3.2868996824558834,성동구
2022-05-21,3.2868996824558834,성동구
2022-05-22,3.2868996824558834,성동구
2022-05-23,3.2868996824558834,성동구
2022-05-24,3.2868996824558834,성동구
2022-05-25,3.2868996824558834,성동구
2022-05-26,3.2868996824558834,성동구
2022-05-27,3.2868996824558834,성동구
2022-05-28,3.2868996824558834,성동구
2022-05-29,3.2868996824558834,성동구
2022-05-30,3.2868996824558834,성동구
2022-05-31,3.2868996824558834,성동구
2022-06-01,3.2868996824558834,성동구
2022-06-02,3.2868996824558834,성동구
2022-06-03,3.2868996824558834,성동구
2022-06-04,3.2868996824558834,성동구
2022-06-05,3.2868996824558834,성동구
2022-06-06,3.2868996824558834,성동구
2022-06-07,3.2868996824558834,성동구
2022-06-08,3.2868996824558834,성동구
2022-06-09,3.2868996824558834,성동구
2022-06-10,3.2868996824558834,성동구
2022-06-11,3.2868996824558834,성동구
2022-06-12,3.2868996824558834,성동구
2022-06-13,3.2868996824558834,성동구
2022-06-14,3.2868996824558834,성동구
2022-06-15,3.2868996824558834,성동구
2022-06-16,3.2868996824558834,성동구
2022-06-17,3.2868996824558834,성동구
2022-06-18,3.2868996824558834,성동구
2022-06-19,3.2868996824558834,성동구
2022-06-20,3.2868996824558834,성동구
2022-06-21,3.2868996824558834,성동구
2022-06-22,3.2868996824558834,성동구
2022-06-23,3.2868996824558834,성동구
2022-06-24,3.2868996824558834,성동구
2022-06-25,3.2868996824558834,성동구
2022-06-26,3.2868996824558834,성동구
2022-06-27,3.2868996824558834,성동구
2022-06-28,3.2868996824558834,성동구
2022-06-29,3.2868996824558834,성동구
2022-06-30,3.2868996824558834,성동구
2022-07-01,3.2868996824558834,성동구
2022-07-02,3.2868996824558834,성동구
2022-07-03,3.2868996824558834,성동구
2022-07-04,3.2868996824558834,성동구
2022-07-05,3.2868996824558834,성동구
2022-07-06,3.2868996824558834,성동구
2022-07-07,3.2868996824558834,성동구
2022-07-08,3.2868996824558834,성동구
2022-07-09,3.2868996824558834,성동구
2022-07-10,3.2868996824558834,성동구
2022-07-11,3.2868996824558834,성동구
2022-07-12,3.2868996824558834,성동구
2022-07-13,3.2868996824558834,성동구
2022-07-14,3.2868996824558834,성동구
2022-07-15,3.2868996824558834,성동구
2022-07-16,3.2868996824558834,성동구
2022-07-17,3.2868996824558834,성동구
2022-07-18,3.2868996824558834,성동구
2022-07-19,3.2868996824558834,성동구
2022-07-20,3.2868996824558834,성동구
2022-07-21,3.2868996824558834,성동구
2022-07-22,3.2868996824558834,성동구
2022-07-23,3.2868996824558834,성동구
2022-07-24,3.2868996824558834,성동구
2022-07-25,3.2868996824558834,성동구
2022-07-26,3.2868996824558834,성동구
2022-07-27,3.2868996824558834,성동구
2022-07-28,3.2868996824558834,성동구
2022-07-29,3.2868996824558834,성동구
2022-07-30,3.2868996824558834,성동구
2022-07-31,3.2868996824558834,성동구
2022-08-01,3.2868996824558834,성동구
2022-08-02,3.2868996824558834,성동구
2022-08-03,3.2868996824558834,성동구
2022-08-04,3.2868996824558834,성동구
2022-08-05,3.2868996824558834,성동구
2022-08-06,3.2868996824558834,성동구
2022-08-07,3.2868996824558834,성동구
2022-08-08,3.2868996824558834,성동구
2022-08-09,3.2868996824558834,성동구
2022-08-10,3.2868996824558834,성동구
2022-08-11,3.2868996824558834,성동구
2022-08-12,3.2868996824558834,성동구
2022-08-13,3.2868996824558834,성동구
2022-08-14,3.2868996824558834,성동구
2022-08-15,3.2868996824558834,성동구
2022-08-16,3.2868996824558834,성동구
2022-08-17,3.2868996824558834,성동구
2022-08-18,3.2868996824558834,성동구
2022-08-19,3.2868996824558834,성동구
2022-08-20,3.2868996824558834,성동구
2022-08-21,3.2868996824558834,성동구
2022-08-22,3.2868996824558834,성동구
2022-08-23,3.2868996824558834,성동구
2022-08-24,3.2868996824558834,성동구
2022-08-25,3.2868996824558834,성동구
2022-08-26,3.2868996824558834,성동구
2022-08-27,3.2868996824558834,성동구
2022-08-28,3.2868996824558834,성동구
2022-08-29,3.2868996824558834,성동구
2022-08-30,3.2868996824558834,성동구
2022-08-31,3.2868996824558834,성동구
2022-09-01,3.2868996824558834,성동구
2022-09-02,3.2868996824558834,성동구
2022-09-03,3.2868996824558834,성동구
2022-09-04,3.2868996824558834,성동구
2022-09-05,3.2868996824558834,성동구
2022-09-06,3.2868996824558834,성동구
2022-09-07,3.2868996824558834,성동구
2022-09-08,3.2868996824558834,성동구
2022-09-09,3.2868996824558834,성동구
2022-09-10,3.2868996824558834,성동구
2022-09-11,3.2868996824558834,성동구
2022-09-12,3.2868996824558834,성동구
2022-09-13,3.2868996824558834,성동구
2022-09-14,3.2868996824558834,성동구
2022-09-15,3.2868996824558834,성동구
2022-09-16,3.2868996824558834,성동구
2022-09-17,3.2868996824558834,성동구
2022-09-18,3.2868996824558834,성동구
2022-09-19,3.2868996824558834,성동구
2022-09-20,3.2868996824558834,성동구
2022-09-21,3.2868996824558834,성동구
2022-09-22,3.2868996824558834,성동구
2022-09-23,3.2868996824558834,성동구
2022-09-24,3.2868996824558834,성동구
2022-09-25,3.2868996824558834,성동구
2022-09-26,3.2868996824558834,성동구
2022-09-27,3.2868996824558834,성동구
2022-09-28,3.2868996824558834,성동구
2022-09-29,3.2868996824558834,성동구
2022-09-30,3.2868996824558834,성동구
2022-10-01,3.2868996824558834,성동구
2022-10-02,3.2868996824558834,성동구
2022-10-03,3.2868996824558834,성동구
2022-10-04,3.2868996824558834,성동구
2022-10-05,3.2868996824558834,성동구
2022-10-06,3.2868996824558834,성동구
2022-10-07,3.2868996824558834,성동구
2022-10-08,3.2868996824558834,성동구
2022-10-09,3.2868996824558834,성동구
2022-10-10,3.2868996824558834,성동구
2022-10-11,3.2868996824558834,성동구
2022-10-12,3.2868996824558834,성동구
2022-10-13,3.2868996824558834,성동구
2022-10-14,3.2868996824558834,성동구
2022-10-15,3.2868996824558834,성동구
2022-10-16,3.2868996824558834,성동구
2022-10-17,3.2868996824558834,성동구
2022-10-18,3.2868996824558834,성동구
2022-10-19,3.2868996824558834,성동구
2022-10-20,3.2868996824558834,성동구
2022-10-21,3.2868996824558834,성동구
2022-10-22,3.2868996824558834,성동구
2022-10-23,3.2868996824558834,성동구
2022-10-24,3.2868996824558834,성동구
2022-10-25,3.2868996824558834,성동구
2022-10-26,3.2868996824558834,성동구
2022-10-27,3.2868996824558834,성동구
2022-10-28,3.2868996824558834,성동구
2022-10-29,3.2868996824558834,성동구
2022-10-30,3.2868996824558834,성동구
2022-10-31,3.2868996824558834,성동구
2022-11-01,3.2868996824558834,성동구
2022-11-02,3.2868996824558834,성동구
2022-11-03,3.2868996824558834,성동구
2022-11-04,3.2868996824558834,성동구
2022-11-05,3.2868996824558834,성동구
2022-11-06,3.2868996824558834,성동구
2022-11-07,3.2868996824558834,성동구
2022-11-08,3.2868996824558834,성동구
2022-11-09,3.2868996824558834,성동구
2022-11-10,3.2868996824558834,성동구
2022-11-11,3.2868996824558834,성동구
2022-11-12,3.2868996824558834,성동구
2022-11-13,3.2868996824558834,성동구
2022-11-14,3.2868996824558834,성동구
2022-11-15,3.2868996824558834,성동구
2022-11-16,3.2868996824558834,성동구
2022-11-17,3.2868996824558834,성동구
2022-11-18,3.2868996824558834,성동구
2022-11-19,3.2868996824558834,성동구
2022-11-20,3.2868996824558834,성동구
2022-11-21,3.2868996824558834,성동구
2022-11-22,3.2868996824558834,성동구
2022-11-23,3.2868996824558834,성동구
2022-11-24,3.2868996824558834,성동구
2022-11-25,3.2868996824558834,성동구
2022-11-26,3.2868996824558834,성동구
2022-11-27,3.2868996824558834,성동구
2022-11-28,3.2868996824558834,성동구
2022-11-29,3.2868996824558834,성동구
2022-11-30,3.2868996824558834,성동구
2022-12-01,3.2868996824558834,성동구
2022-12-02,3.2868996824558834,성동구
2022-12-03,3.2868996824558834,성동구
2022-12-04,3.2868996824558834,성동구
2022-12-05,3.2868996824558834,성동구
2022-12-06,3.2868996824558834,성동구
2022-12-07,3.2868996824558834,성동구
2022-12-08,3.2868996824558834,성동구
2022-12-09,3.2868996824558834,성동구
2022-12-10,3.2868996824558834,성동구
2022-12-11,3.2868996824558834,성동구
2022-12-12,3.2868996824558834,성동구
2022-12-13,3.2868996824558834,성동구
2022-12-14,3.2868996824558834,성동구
2022-12-15,3.2868996824558834,성동구
2022-12-16,3.2868996824558834,성동구
2022-12-17,3.2868996824558834,성동구
2022-12-18,3.2868996824558834,성동구
2022-12-19,3.2868996824558834,성동구
2022-12-20,3.2868996824558834,성동구
2022-12-21,3.2868996824558834,성동구
2022-12-22,3.2868996824558834,성동구
2022-12-23,3.2868996824558834,성동구
2022-12-24,3.2868996824558834,성동구
2022-12-25,3.2868996824558834,성동구
2022-12-26,3.2868996824558834,성동구
2022-12-27,3.2868996824558834,성동구
2022-12-28,3.2868996824558834,성동구
2022-12-29,3.2868996824558834,성동구
2022-12-30,3.2868996824558834,성동구
2022-12-31,3.2868996824558834,성동구
2022-01-01,3.449058272465535,동대문구
2022-01-02,3.568442767577277,동대문구
2022-01-03,3.582483888320443,동대문구
2022-01-04,3.560001398262431,동대문구
2022-01-05,3.541739885966085,동대문구
2022-01-06,3.535867686524212,동대문구
2022-01-07,3.5368965885369126,동대문구
2022-01-08,3.5391151769498084,동대문구
2022-01-09,3.5402787767427704,동대문구
2022-01-10,3.5404450961709264,동대문구
2022-01-11,3.5402450344130085,동대문구
2022-01-12,3.5400715928989537,동대문구
2022-01-13,3.540012259162335,동대문구
2022-01-14,3.540019726556224,동대문구
2022-01-15,3.5400402482999342,동대문구
2022-01-16,3.54005155353389,동대문구
2022-01-17,3.5400534427333357,동대문구
2022-01-18,3.540051675829298,동대문구
2022-01-19,3.540050032890351,동대문구
2022-01-20,3.540049436947664,동대문구
2022-01-21,3.5400494857467804,동대문구
2022-01-22,3.540049674909283,동대문구
2022-01-23,3.54004978441435,동대문구
2022-01-24,3.5400498052562486,동대문구
2022-01-25,3.5400497897870093,동대문구
2022-01-26,3.5400497742655235,동대문구
2022-01-27,3.54004976831192,동대문구
2022-01-28,3.5400497685636045,동대문구
2022-01-29,3.540049770300773,동대문구
2022-01-30,3.5400497713583596,동대문구
2022-01-31,3.540049771583378,동대문구
2022-02-01,3.5400497714493335,동대문구
2022-02-02,3.540049771303091,동대문구
2022-02-03,3.540049771243901,동대문구
2022-02-04,3.540049771244269,동대문구
2022-02-05,3.540049771260159,동대문구
2022-02-06,3.5400497712703443,동대문구
2022-02-07,3.5400497712727335,동대문구
2022-02-08,3.5400497712715864,동대문구
2022-02-09,3.5400497712702124,동대문구
2022-02-10,3.5400497712696266,동대문구
2022-02-11,3.540049771269611,동대문구
2022-02-12,3.540049771269756,동대문구
2022-02-13,3.5400497712698535,동대문구
2022-02-14,3.5400497712698784,동대문구
2022-02-15,3.5400497712698686,동대문구
2022-02-16,3.5400497712698558,동대문구
2022-02-17,3.54004977126985,동대문구
2022-02-18,3.5400497712698495,동대문구
2022-02-19,3.540049771269851,동대문구
2022-02-20,3.5400497712698518,동대문구
2022-02-21,3.540049771269852,동대문구
2022-02-22,3.540049771269852,동대문구
2022-02-23,3.540049771269852,동대문구
2022-02-24,3.540049771269852,동대문구
2022-02-25,3.540049771269852,동대문구
2022-02-26,3.540049771269852,동대문구
2022-02-27,3.540049771269852,동대문구
2022-02-28,3.540049771269852,동대문구
2022-03-01,3.540049771269852,동대문구
2022-03-02,3.540049771269852,동대문구
2022-03-03,3.540049771269852,동대문구
2022-03-04,3.540049771269852,동대문구
2022-03-05,3.540049771269852,동대문구
2022-03-06,3.540049771269852,동대문구
2022-03-07,3.540049771269852,동대문구
2022-03-08,3.540049771269852,동대문구
2022-03-09,3.540049771269852,동대문구
2022-03-10,3.540049771269852,동대문구
2022-03-11,3.540049771269852,동대문구
2022-03-12,3.540049771269852,동대문구
2022-03-13,3.540049771269852,동대문구
2022-03-14,3.540049771269852,동대문구
2022-03-15,3.540049771269852,동대문구
2022-03-16,3.540049771269852,동대문구
2022-03-17,3.540049771269852,동대문구
2022-03-18,3.540049771269852,동대문구
2022-03-19,3.540049771269852,동대문구
2022-03-20,3.540049771269852,동대문구
2022-03-21,3.540049771269852,동대문구
2022-03-22,3.540049771269852,동대문구
2022-03-23,3.540049771269852,동대문구
2022-03-24,3.540049771269852,동대문구
2022-03-25,3.540049771269852,동대문구
2022-03-26,3.540049771269852,동대문구
2022-03-27,3.540049771269852,동대문구
2022-03-28,3.540049771269852,동대문구
2022-03-29,3.540049771269852,동대문구
2022-03-30,3.540049771269852,동대문구
2022-03-31,3.540049771269852,동대문구
2022-04-01,3.540049771269852,동대문구
2022-04-02,3.540049771269852,동대문구
2022-04-03,3.540049771269852,동대문구
2022-04-04,3.540049771269852,동대문구
2022-04-05,3.540049771269852,동대문구
2022-04-06,3.540049771269852,동대문구
2022-04-07,3.540049771269852,동대문구
2022-04-08,3.540049771269852,동대문구
2022-04-09,3.540049771269852,동대문구
2022-04-10,3.540049771269852,동대문구
2022-04-11,3.540049771269852,동대문구
2022-04-12,3.540049771269852,동대문구
2022-04-13,3.540049771269852,동대문구
2022-04-14,3.540049771269852,동대문구
2022-04-15,3.540049771269852,동대문구
2022-04-16,3.540049771269852,동대문구
2022-04-17,3.540049771269852,동대문구
2022-04-18,3.540049771269852,동대문구
2022-04-19,3.540049771269852,동대문구
2022-04-20,3.540049771269852,동대문구
2022-04-21,3.540049771269852,동대문구
2022-04-22,3.540049771269852,동대문구
2022-04-23,3.540049771269852,동대문구
2022-04-24,3.540049771269852,동대문구
2022-04-25,3.540049771269852,동대문구
2022-04-26,3.540049771269852,동대문구
2022-04-27,3.540049771269852,동대문구
2022-04-28,3.540049771269852,동대문구
2022-04-29,3.540049771269852,동대문구
2022-04-30,3.540049771269852,동대문구
2022-05-01,3.540049771269852,동대문구
2022-05-02,3.540049771269852,동대문구
2022-05-03,3.540049771269852,동대문구
2022-05-04,3.540049771269852,동대문구
2022-05-05,3.540049771269852,동대문구
2022-05-06,3.540049771269852,동대문구
2022-05-07,3.540049771269852,동대문구
2022-05-08,3.540049771269852,동대문구
2022-05-09,3.540049771269852,동대문구
2022-05-10,3.540049771269852,동대문구
2022-05-11,3.540049771269852,동대문구
2022-05-12,3.540049771269852,동대문구
2022-05-13,3.540049771269852,동대문구
2022-05-14,3.540049771269852,동대문구
2022-05-15,3.540049771269852,동대문구
2022-05-16,3.540049771269852,동대문구
2022-05-17,3.540049771269852,동대문구
2022-05-18,3.540049771269852,동대문구
2022-05-19,3.540049771269852,동대문구
2022-05-20,3.540049771269852,동대문구
2022-05-21,3.540049771269852,동대문구
2022-05-22,3.540049771269852,동대문구
2022-05-23,3.540049771269852,동대문구
2022-05-24,3.540049771269852,동대문구
2022-05-25,3.540049771269852,동대문구
2022-05-26,3.540049771269852,동대문구
2022-05-27,3.540049771269852,동대문구
2022-05-28,3.540049771269852,동대문구
2022-05-29,3.540049771269852,동대문구
2022-05-30,3.540049771269852,동대문구
2022-05-31,3.540049771269852,동대문구
2022-06-01,3.540049771269852,동대문구
2022-06-02,3.540049771269852,동대문구
2022-06-03,3.540049771269852,동대문구
2022-06-04,3.540049771269852,동대문구
2022-06-05,3.540049771269852,동대문구
2022-06-06,3.540049771269852,동대문구
2022-06-07,3.540049771269852,동대문구
2022-06-08,3.540049771269852,동대문구
2022-06-09,3.540049771269852,동대문구
2022-06-10,3.540049771269852,동대문구
2022-06-11,3.540049771269852,동대문구
2022-06-12,3.540049771269852,동대문구
2022-06-13,3.540049771269852,동대문구
2022-06-14,3.540049771269852,동대문구
2022-06-15,3.540049771269852,동대문구
2022-06-16,3.540049771269852,동대문구
2022-06-17,3.540049771269852,동대문구
2022-06-18,3.540049771269852,동대문구
2022-06-19,3.540049771269852,동대문구
2022-06-20,3.540049771269852,동대문구
2022-06-21,3.540049771269852,동대문구
2022-06-22,3.540049771269852,동대문구
2022-06-23,3.540049771269852,동대문구
2022-06-24,3.540049771269852,동대문구
2022-06-25,3.540049771269852,동대문구
2022-06-26,3.540049771269852,동대문구
2022-06-27,3.540049771269852,동대문구
2022-06-28,3.540049771269852,동대문구
2022-06-29,3.540049771269852,동대문구
2022-06-30,3.540049771269852,동대문구
2022-07-01,3.540049771269852,동대문구
2022-07-02,3.540049771269852,동대문구
2022-07-03,3.540049771269852,동대문구
2022-07-04,3.540049771269852,동대문구
2022-07-05,3.540049771269852,동대문구
2022-07-06,3.540049771269852,동대문구
2022-07-07,3.540049771269852,동대문구
2022-07-08,3.540049771269852,동대문구
2022-07-09,3.540049771269852,동대문구
2022-07-10,3.540049771269852,동대문구
2022-07-11,3.540049771269852,동대문구
2022-07-12,3.540049771269852,동대문구
2022-07-13,3.540049771269852,동대문구
2022-07-14,3.540049771269852,동대문구
2022-07-15,3.540049771269852,동대문구
2022-07-16,3.540049771269852,동대문구
2022-07-17,3.540049771269852,동대문구
2022-07-18,3.540049771269852,동대문구
2022-07-19,3.540049771269852,동대문구
2022-07-20,3.540049771269852,동대문구
2022-07-21,3.540049771269852,동대문구
2022-07-22,3.540049771269852,동대문구
2022-07-23,3.540049771269852,동대문구
2022-07-24,3.540049771269852,동대문구
2022-07-25,3.540049771269852,동대문구
2022-07-26,3.540049771269852,동대문구
2022-07-27,3.540049771269852,동대문구
2022-07-28,3.540049771269852,동대문구
2022-07-29,3.540049771269852,동대문구
2022-07-30,3.540049771269852,동대문구
2022-07-31,3.540049771269852,동대문구
2022-08-01,3.540049771269852,동대문구
2022-08-02,3.540049771269852,동대문구
2022-08-03,3.540049771269852,동대문구
2022-08-04,3.540049771269852,동대문구
2022-08-05,3.540049771269852,동대문구
2022-08-06,3.540049771269852,동대문구
2022-08-07,3.540049771269852,동대문구
2022-08-08,3.540049771269852,동대문구
2022-08-09,3.540049771269852,동대문구
2022-08-10,3.540049771269852,동대문구
2022-08-11,3.540049771269852,동대문구
2022-08-12,3.540049771269852,동대문구
2022-08-13,3.540049771269852,동대문구
2022-08-14,3.540049771269852,동대문구
2022-08-15,3.540049771269852,동대문구
2022-08-16,3.540049771269852,동대문구
2022-08-17,3.540049771269852,동대문구
2022-08-18,3.540049771269852,동대문구
2022-08-19,3.540049771269852,동대문구
2022-08-20,3.540049771269852,동대문구
2022-08-21,3.540049771269852,동대문구
2022-08-22,3.540049771269852,동대문구
2022-08-23,3.540049771269852,동대문구
2022-08-24,3.540049771269852,동대문구
2022-08-25,3.540049771269852,동대문구
2022-08-26,3.540049771269852,동대문구
2022-08-27,3.540049771269852,동대문구
2022-08-28,3.540049771269852,동대문구
2022-08-29,3.540049771269852,동대문구
2022-08-30,3.540049771269852,동대문구
2022-08-31,3.540049771269852,동대문구
2022-09-01,3.540049771269852,동대문구
2022-09-02,3.540049771269852,동대문구
2022-09-03,3.540049771269852,동대문구
2022-09-04,3.540049771269852,동대문구
2022-09-05,3.540049771269852,동대문구
2022-09-06,3.540049771269852,동대문구
2022-09-07,3.540049771269852,동대문구
2022-09-08,3.540049771269852,동대문구
2022-09-09,3.540049771269852,동대문구
2022-09-10,3.540049771269852,동대문구
2022-09-11,3.540049771269852,동대문구
2022-09-12,3.540049771269852,동대문구
2022-09-13,3.540049771269852,동대문구
2022-09-14,3.540049771269852,동대문구
2022-09-15,3.540049771269852,동대문구
2022-09-16,3.540049771269852,동대문구
2022-09-17,3.540049771269852,동대문구
2022-09-18,3.540049771269852,동대문구
2022-09-19,3.540049771269852,동대문구
2022-09-20,3.540049771269852,동대문구
2022-09-21,3.540049771269852,동대문구
2022-09-22,3.540049771269852,동대문구
2022-09-23,3.540049771269852,동대문구
2022-09-24,3.540049771269852,동대문구
2022-09-25,3.540049771269852,동대문구
2022-09-26,3.540049771269852,동대문구
2022-09-27,3.540049771269852,동대문구
2022-09-28,3.540049771269852,동대문구
2022-09-29,3.540049771269852,동대문구
2022-09-30,3.540049771269852,동대문구
2022-10-01,3.540049771269852,동대문구
2022-10-02,3.540049771269852,동대문구
2022-10-03,3.540049771269852,동대문구
2022-10-04,3.540049771269852,동대문구
2022-10-05,3.540049771269852,동대문구
2022-10-06,3.540049771269852,동대문구
2022-10-07,3.540049771269852,동대문구
2022-10-08,3.540049771269852,동대문구
2022-10-09,3.540049771269852,동대문구
2022-10-10,3.540049771269852,동대문구
2022-10-11,3.540049771269852,동대문구
2022-10-12,3.540049771269852,동대문구
2022-10-13,3.540049771269852,동대문구
2022-10-14,3.540049771269852,동대문구
2022-10-15,3.540049771269852,동대문구
2022-10-16,3.540049771269852,동대문구
2022-10-17,3.540049771269852,동대문구
2022-10-18,3.540049771269852,동대문구
2022-10-19,3.540049771269852,동대문구
2022-10-20,3.540049771269852,동대문구
2022-10-21,3.540049771269852,동대문구
2022-10-22,3.540049771269852,동대문구
2022-10-23,3.540049771269852,동대문구
2022-10-24,3.540049771269852,동대문구
2022-10-25,3.540049771269852,동대문구
2022-10-26,3.540049771269852,동대문구
2022-10-27,3.540049771269852,동대문구
2022-10-28,3.540049771269852,동대문구
2022-10-29,3.540049771269852,동대문구
2022-10-30,3.540049771269852,동대문구
2022-10-31,3.540049771269852,동대문구
2022-11-01,3.540049771269852,동대문구
2022-11-02,3.540049771269852,동대문구
2022-11-03,3.540049771269852,동대문구
2022-11-04,3.540049771269852,동대문구
2022-11-05,3.540049771269852,동대문구
2022-11-06,3.540049771269852,동대문구
2022-11-07,3.540049771269852,동대문구
2022-11-08,3.540049771269852,동대문구
2022-11-09,3.540049771269852,동대문구
2022-11-10,3.540049771269852,동대문구
2022-11-11,3.540049771269852,동대문구
2022-11-12,3.540049771269852,동대문구
2022-11-13,3.540049771269852,동대문구
2022-11-14,3.540049771269852,동대문구
2022-11-15,3.540049771269852,동대문구
2022-11-16,3.540049771269852,동대문구
2022-11-17,3.540049771269852,동대문구
2022-11-18,3.540049771269852,동대문구
2022-11-19,3.540049771269852,동대문구
2022-11-20,3.540049771269852,동대문구
2022-11-21,3.540049771269852,동대문구
2022-11-22,3.540049771269852,동대문구
2022-11-23,3.540049771269852,동대문구
2022-11-24,3.540049771269852,동대문구
2022-11-25,3.540049771269852,동대문구
2022-11-26,3.540049771269852,동대문구
2022-11-27,3.540049771269852,동대문구
2022-11-28,3.540049771269852,동대문구
2022-11-29,3.540049771269852,동대문구
2022-11-30,3.540049771269852,동대문구
2022-12-01,3.540049771269852,동대문구
2022-12-02,3.540049771269852,동대문구
2022-12-03,3.540049771269852,동대문구
2022-12-04,3.540049771269852,동대문구
2022-12-05,3.540049771269852,동대문구
2022-12-06,3.540049771269852,동대문구
2022-12-07,3.540049771269852,동대문구
2022-12-08,3.540049771269852,동대문구
2022-12-09,3.540049771269852,동대문구
2022-12-10,3.540049771269852,동대문구
2022-12-11,3.540049771269852,동대문구
2022-12-12,3.540049771269852,동대문구
2022-12-13,3.540049771269852,동대문구
2022-12-14,3.540049771269852,동대문구
2022-12-15,3.540049771269852,동대문구
2022-12-16,3.540049771269852,동대문구
2022-12-17,3.540049771269852,동대문구
2022-12-18,3.540049771269852,동대문구
2022-12-19,3.540049771269852,동대문구
2022-12-20,3.540049771269852,동대문구
2022-12-21,3.540049771269852,동대문구
2022-12-22,3.540049771269852,동대문구
2022-12-23,3.540049771269852,동대문구
2022-12-24,3.540049771269852,동대문구
2022-12-25,3.540049771269852,동대문구
2022-12-26,3.540049771269852,동대문구
2022-12-27,3.540049771269852,동대문구
2022-12-28,3.540049771269852,동대문구
2022-12-29,3.540049771269852,동대문구
2022-12-30,3.540049771269852,동대문구
2022-12-31,3.540049771269852,동대문구
2022-01-01,2.349916104128061,중랑구
2022-01-02,2.4546715034664714,중랑구
2022-01-03,2.4611660928729764,중랑구
2022-01-04,2.441767601581353,중랑구
2022-01-05,2.431051520385234,중랑구
2022-01-06,2.4300730074346766,중랑구
2022-01-07,2.431906471283726,중랑구
2022-01-08,2.432997702082348,중랑구
2022-01-09,2.4331278502286464,중랑구
2022-01-10,2.432955802603776,중랑구
2022-01-11,2.4328451652804715,중랑구
2022-01-12,2.4328289941060577,중랑구
2022-01-13,2.4328450079117268,중랑구
2022-01-14,2.4328561779598172,중랑구
2022-01-15,2.432858102171176,중랑구
2022-01-16,2.4328566254790664,중랑구
2022-01-17,2.432855502365969,중랑구
2022-01-18,2.432855280206392,중랑구
2022-01-19,2.432855414900897,중랑구
2022-01-20,2.4328555273712755,중랑구
2022-01-21,2.4328555524527724,중랑구
2022-01-22,2.4328555403258703,중랑구
2022-01-23,2.432855529107865,중랑구
2022-01-24,2.432855526325062,중랑구
2022-01-25,2.4328555273995547,중랑구
2022-01-26,2.432855528513999,중랑구
2022-01-27,2.432855528818453,중랑구
2022-01-28,2.43285552872516,중랑구
2022-01-29,2.4328555286148905,중랑구
2022-01-30,2.4328555285819666,중랑구
2022-01-31,2.4328555285898523,중랑구
2022-02-01,2.4328555286007187,중랑구
2022-02-02,2.4328555286042444,중랑구
2022-02-03,2.432855528603602,중랑구
2022-02-04,2.432855528602536,중랑구
2022-02-05,2.4328555286021616,중랑구
2022-02-06,2.432855528602211,중랑구
2022-02-07,2.4328555286023152,중랑구
2022-02-08,2.4328555286023548,중랑구
2022-02-09,2.432855528602351,중랑구
2022-02-10,2.432855528602341,중랑구
2022-02-11,2.432855528602337,중랑구
2022-02-12,2.432855528602337,중랑구
2022-02-13,2.432855528602338,중랑구
2022-02-14,2.4328555286023383,중랑구
2022-02-15,2.4328555286023383,중랑구
2022-02-16,2.4328555286023383,중랑구
2022-02-17,2.4328555286023383,중랑구
2022-02-18,2.4328555286023383,중랑구
2022-02-19,2.4328555286023383,중랑구
2022-02-20,2.4328555286023383,중랑구
2022-02-21,2.4328555286023383,중랑구
2022-02-22,2.4328555286023383,중랑구
2022-02-23,2.4328555286023383,중랑구
2022-02-24,2.4328555286023383,중랑구
2022-02-25,2.4328555286023383,중랑구
2022-02-26,2.4328555286023383,중랑구
2022-02-27,2.4328555286023383,중랑구
2022-02-28,2.4328555286023383,중랑구
2022-03-01,2.4328555286023383,중랑구
2022-03-02,2.4328555286023383,중랑구
2022-03-03,2.4328555286023383,중랑구
2022-03-04,2.4328555286023383,중랑구
2022-03-05,2.4328555286023383,중랑구
2022-03-06,2.4328555286023383,중랑구
2022-03-07,2.4328555286023383,중랑구
2022-03-08,2.4328555286023383,중랑구
2022-03-09,2.4328555286023383,중랑구
2022-03-10,2.4328555286023383,중랑구
2022-03-11,2.4328555286023383,중랑구
2022-03-12,2.4328555286023383,중랑구
2022-03-13,2.4328555286023383,중랑구
2022-03-14,2.4328555286023383,중랑구
2022-03-15,2.4328555286023383,중랑구
2022-03-16,2.4328555286023383,중랑구
2022-03-17,2.4328555286023383,중랑구
2022-03-18,2.4328555286023383,중랑구
2022-03-19,2.4328555286023383,중랑구
2022-03-20,2.4328555286023383,중랑구
2022-03-21,2.4328555286023383,중랑구
2022-03-22,2.4328555286023383,중랑구
2022-03-23,2.4328555286023383,중랑구
2022-03-24,2.4328555286023383,중랑구
2022-03-25,2.4328555286023383,중랑구
2022-03-26,2.4328555286023383,중랑구
2022-03-27,2.4328555286023383,중랑구
2022-03-28,2.4328555286023383,중랑구
2022-03-29,2.4328555286023383,중랑구
2022-03-30,2.4328555286023383,중랑구
2022-03-31,2.4328555286023383,중랑구
2022-04-01,2.4328555286023383,중랑구
2022-04-02,2.4328555286023383,중랑구
2022-04-03,2.4328555286023383,중랑구
2022-04-04,2.4328555286023383,중랑구
2022-04-05,2.4328555286023383,중랑구
2022-04-06,2.4328555286023383,중랑구
2022-04-07,2.4328555286023383,중랑구
2022-04-08,2.4328555286023383,중랑구
2022-04-09,2.4328555286023383,중랑구
2022-04-10,2.4328555286023383,중랑구
2022-04-11,2.4328555286023383,중랑구
2022-04-12,2.4328555286023383,중랑구
2022-04-13,2.4328555286023383,중랑구
2022-04-14,2.4328555286023383,중랑구
2022-04-15,2.4328555286023383,중랑구
2022-04-16,2.4328555286023383,중랑구
2022-04-17,2.4328555286023383,중랑구
2022-04-18,2.4328555286023383,중랑구
2022-04-19,2.4328555286023383,중랑구
2022-04-20,2.4328555286023383,중랑구
2022-04-21,2.4328555286023383,중랑구
2022-04-22,2.4328555286023383,중랑구
2022-04-23,2.4328555286023383,중랑구
2022-04-24,2.4328555286023383,중랑구
2022-04-25,2.4328555286023383,중랑구
2022-04-26,2.4328555286023383,중랑구
2022-04-27,2.4328555286023383,중랑구
2022-04-28,2.4328555286023383,중랑구
2022-04-29,2.4328555286023383,중랑구
2022-04-30,2.4328555286023383,중랑구
2022-05-01,2.4328555286023383,중랑구
2022-05-02,2.4328555286023383,중랑구
2022-05-03,2.4328555286023383,중랑구
2022-05-04,2.4328555286023383,중랑구
2022-05-05,2.4328555286023383,중랑구
2022-05-06,2.4328555286023383,중랑구
2022-05-07,2.4328555286023383,중랑구
2022-05-08,2.4328555286023383,중랑구
2022-05-09,2.4328555286023383,중랑구
2022-05-10,2.4328555286023383,중랑구
2022-05-11,2.4328555286023383,중랑구
2022-05-12,2.4328555286023383,중랑구
2022-05-13,2.4328555286023383,중랑구
2022-05-14,2.4328555286023383,중랑구
2022-05-15,2.4328555286023383,중랑구
2022-05-16,2.4328555286023383,중랑구
2022-05-17,2.4328555286023383,중랑구
2022-05-18,2.4328555286023383,중랑구
2022-05-19,2.4328555286023383,중랑구
2022-05-20,2.4328555286023383,중랑구
2022-05-21,2.4328555286023383,중랑구
2022-05-22,2.4328555286023383,중랑구
2022-05-23,2.4328555286023383,중랑구
2022-05-24,2.4328555286023383,중랑구
2022-05-25,2.4328555286023383,중랑구
2022-05-26,2.4328555286023383,중랑구
2022-05-27,2.4328555286023383,중랑구
2022-05-28,2.4328555286023383,중랑구
2022-05-29,2.4328555286023383,중랑구
2022-05-30,2.4328555286023383,중랑구
2022-05-31,2.4328555286023383,중랑구
2022-06-01,2.4328555286023383,중랑구
2022-06-02,2.4328555286023383,중랑구
2022-06-03,2.4328555286023383,중랑구
2022-06-04,2.4328555286023383,중랑구
2022-06-05,2.4328555286023383,중랑구
2022-06-06,2.4328555286023383,중랑구
2022-06-07,2.4328555286023383,중랑구
2022-06-08,2.4328555286023383,중랑구
2022-06-09,2.4328555286023383,중랑구
2022-06-10,2.4328555286023383,중랑구
2022-06-11,2.4328555286023383,중랑구
2022-06-12,2.4328555286023383,중랑구
2022-06-13,2.4328555286023383,중랑구
2022-06-14,2.4328555286023383,중랑구
2022-06-15,2.4328555286023383,중랑구
2022-06-16,2.4328555286023383,중랑구
2022-06-17,2.4328555286023383,중랑구
2022-06-18,2.4328555286023383,중랑구
2022-06-19,2.4328555286023383,중랑구
2022-06-20,2.4328555286023383,중랑구
2022-06-21,2.4328555286023383,중랑구
2022-06-22,2.4328555286023383,중랑구
2022-06-23,2.4328555286023383,중랑구
2022-06-24,2.4328555286023383,중랑구
2022-06-25,2.4328555286023383,중랑구
2022-06-26,2.4328555286023383,중랑구
2022-06-27,2.4328555286023383,중랑구
2022-06-28,2.4328555286023383,중랑구
2022-06-29,2.4328555286023383,중랑구
2022-06-30,2.4328555286023383,중랑구
2022-07-01,2.4328555286023383,중랑구
2022-07-02,2.4328555286023383,중랑구
2022-07-03,2.4328555286023383,중랑구
2022-07-04,2.4328555286023383,중랑구
2022-07-05,2.4328555286023383,중랑구
2022-07-06,2.4328555286023383,중랑구
2022-07-07,2.4328555286023383,중랑구
2022-07-08,2.4328555286023383,중랑구
2022-07-09,2.4328555286023383,중랑구
2022-07-10,2.4328555286023383,중랑구
2022-07-11,2.4328555286023383,중랑구
2022-07-12,2.4328555286023383,중랑구
2022-07-13,2.4328555286023383,중랑구
2022-07-14,2.4328555286023383,중랑구
2022-07-15,2.4328555286023383,중랑구
2022-07-16,2.4328555286023383,중랑구
2022-07-17,2.4328555286023383,중랑구
2022-07-18,2.4328555286023383,중랑구
2022-07-19,2.4328555286023383,중랑구
2022-07-20,2.4328555286023383,중랑구
2022-07-21,2.4328555286023383,중랑구
2022-07-22,2.4328555286023383,중랑구
2022-07-23,2.4328555286023383,중랑구
2022-07-24,2.4328555286023383,중랑구
2022-07-25,2.4328555286023383,중랑구
2022-07-26,2.4328555286023383,중랑구
2022-07-27,2.4328555286023383,중랑구
2022-07-28,2.4328555286023383,중랑구
2022-07-29,2.4328555286023383,중랑구
2022-07-30,2.4328555286023383,중랑구
2022-07-31,2.4328555286023383,중랑구
2022-08-01,2.4328555286023383,중랑구
2022-08-02,2.4328555286023383,중랑구
2022-08-03,2.4328555286023383,중랑구
2022-08-04,2.4328555286023383,중랑구
2022-08-05,2.4328555286023383,중랑구
2022-08-06,2.4328555286023383,중랑구
2022-08-07,2.4328555286023383,중랑구
2022-08-08,2.4328555286023383,중랑구
2022-08-09,2.4328555286023383,중랑구
2022-08-10,2.4328555286023383,중랑구
2022-08-11,2.4328555286023383,중랑구
2022-08-12,2.4328555286023383,중랑구
2022-08-13,2.4328555286023383,중랑구
2022-08-14,2.4328555286023383,중랑구
2022-08-15,2.4328555286023383,중랑구
2022-08-16,2.4328555286023383,중랑구
2022-08-17,2.4328555286023383,중랑구
2022-08-18,2.4328555286023383,중랑구
2022-08-19,2.4328555286023383,중랑구
2022-08-20,2.4328555286023383,중랑구
2022-08-21,2.4328555286023383,중랑구
2022-08-22,2.4328555286023383,중랑구
2022-08-23,2.4328555286023383,중랑구
2022-08-24,2.4328555286023383,중랑구
2022-08-25,2.4328555286023383,중랑구
2022-08-26,2.4328555286023383,중랑구
2022-08-27,2.4328555286023383,중랑구
2022-08-28,2.4328555286023383,중랑구
2022-08-29,2.4328555286023383,중랑구
2022-08-30,2.4328555286023383,중랑구
2022-08-31,2.4328555286023383,중랑구
2022-09-01,2.4328555286023383,중랑구
2022-09-02,2.4328555286023383,중랑구
2022-09-03,2.4328555286023383,중랑구
2022-09-04,2.4328555286023383,중랑구
2022-09-05,2.4328555286023383,중랑구
2022-09-06,2.4328555286023383,중랑구
2022-09-07,2.4328555286023383,중랑구
2022-09-08,2.4328555286023383,중랑구
2022-09-09,2.4328555286023383,중랑구
2022-09-10,2.4328555286023383,중랑구
2022-09-11,2.4328555286023383,중랑구
2022-09-12,2.4328555286023383,중랑구
2022-09-13,2.4328555286023383,중랑구
2022-09-14,2.4328555286023383,중랑구
2022-09-15,2.4328555286023383,중랑구
2022-09-16,2.4328555286023383,중랑구
2022-09-17,2.4328555286023383,중랑구
2022-09-18,2.4328555286023383,중랑구
2022-09-19,2.4328555286023383,중랑구
2022-09-20,2.4328555286023383,중랑구
2022-09-21,2.4328555286023383,중랑구
2022-09-22,2.4328555286023383,중랑구
2022-09-23,2.4328555286023383,중랑구
2022-09-24,2.4328555286023383,중랑구
2022-09-25,2.4328555286023383,중랑구
2022-09-26,2.4328555286023383,중랑구
2022-09-27,2.4328555286023383,중랑구
2022-09-28,2.4328555286023383,중랑구
2022-09-29,2.4328555286023383,중랑구
2022-09-30,2.4328555286023383,중랑구
2022-10-01,2.4328555286023383,중랑구
2022-10-02,2.4328555286023383,중랑구
2022-10-03,2.4328555286023383,중랑구
2022-10-04,2.4328555286023383,중랑구
2022-10-05,2.4328555286023383,중랑구
2022-10-06,2.4328555286023383,중랑구
2022-10-07,2.4328555286023383,중랑구
2022-10-08,2.4328555286023383,중랑구
2022-10-09,2.4328555286023383,중랑구
2022-10-10,2.4328555286023383,중랑구
2022-10-11,2.4328555286023383,중랑구
2022-10-12,2.4328555286023383,중랑구
2022-10-13,2.4328555286023383,중랑구
2022-10-14,2.4328555286023383,중랑구
2022-10-15,2.4328555286023383,중랑구
2022-10-16,2.4328555286023383,중랑구
2022-10-17,2.4328555286023383,중랑구
2022-10-18,2.4328555286023383,중랑구
2022-10-19,2.4328555286023383,중랑구
2022-10-20,2.4328555286023383,중랑구
2022-10-21,2.4328555286023383,중랑구
2022-10-22,2.4328555286023383,중랑구
2022-10-23,2.4328555286023383,중랑구
2022-10-24,2.4328555286023383,중랑구
2022-10-25,2.4328555286023383,중랑구
2022-10-26,2.4328555286023383,중랑구
2022-10-27,2.4328555286023383,중랑구
2022-10-28,2.4328555286023383,중랑구
2022-10-29,2.4328555286023383,중랑구
2022-10-30,2.4328555286023383,중랑구
2022-10-31,2.4328555286023383,중랑구
2022-11-01,2.4328555286023383,중랑구
2022-11-02,2.4328555286023383,중랑구
2022-11-03,2.4328555286023383,중랑구
2022-11-04,2.4328555286023383,중랑구
2022-11-05,2.4328555286023383,중랑구
2022-11-06,2.4328555286023383,중랑구
2022-11-07,2.4328555286023383,중랑구
2022-11-08,2.4328555286023383,중랑구
2022-11-09,2.4328555286023383,중랑구
2022-11-10,2.4328555286023383,중랑구
2022-11-11,2.4328555286023383,중랑구
2022-11-12,2.4328555286023383,중랑구
2022-11-13,2.4328555286023383,중랑구
2022-11-14,2.4328555286023383,중랑구
2022-11-15,2.4328555286023383,중랑구
2022-11-16,2.4328555286023383,중랑구
2022-11-17,2.4328555286023383,중랑구
2022-11-18,2.4328555286023383,중랑구
2022-11-19,2.4328555286023383,중랑구
2022-11-20,2.4328555286023383,중랑구
2022-11-21,2.4328555286023383,중랑구
2022-11-22,2.4328555286023383,중랑구
2022-11-23,2.4328555286023383,중랑구
2022-11-24,2.4328555286023383,중랑구
2022-11-25,2.4328555286023383,중랑구
2022-11-26,2.4328555286023383,중랑구
2022-11-27,2.4328555286023383,중랑구
2022-11-28,2.4328555286023383,중랑구
2022-11-29,2.4328555286023383,중랑구
2022-11-30,2.4328555286023383,중랑구
2022-12-01,2.4328555286023383,중랑구
2022-12-02,2.4328555286023383,중랑구
2022-12-03,2.4328555286023383,중랑구
2022-12-04,2.4328555286023383,중랑구
2022-12-05,2.4328555286023383,중랑구
2022-12-06,2.4328555286023383,중랑구
2022-12-07,2.4328555286023383,중랑구
2022-12-08,2.4328555286023383,중랑구
2022-12-09,2.4328555286023383,중랑구
2022-12-10,2.4328555286023383,중랑구
2022-12-11,2.4328555286023383,중랑구
2022-12-12,2.4328555286023383,중랑구
2022-12-13,2.4328555286023383,중랑구
2022-12-14,2.4328555286023383,중랑구
2022-12-15,2.4328555286023383,중랑구
2022-12-16,2.4328555286023383,중랑구
2022-12-17,2.4328555286023383,중랑구
2022-12-18,2.4328555286023383,중랑구
2022-12-19,2.4328555286023383,중랑구
2022-12-20,2.4328555286023383,중랑구
2022-12-21,2.4328555286023383,중랑구
2022-12-22,2.4328555286023383,중랑구
2022-12-23,2.4328555286023383,중랑구
2022-12-24,2.4328555286023383,중랑구
2022-12-25,2.4328555286023383,중랑구
2022-12-26,2.4328555286023383,중랑구
2022-12-27,2.4328555286023383,중랑구
2022-12-28,2.4328555286023383,중랑구
2022-12-29,2.4328555286023383,중랑구
2022-12-30,2.4328555286023383,중랑구
2022-12-31,2.4328555286023383,중랑구
